,Portfolio Value
2015-11-16,10031.179876244192
2015-11-17,10191.495031455284
2015-11-18,10142.352358144342
2015-11-19,10248.479423181752
2015-11-20,10305.216143023456
2015-11-23,10315.86239350496
2015-11-24,10407.994935618033
2015-11-25,10550.902162597875
2015-11-27,10479.88874344361
2015-11-30,10603.673806320658
2015-12-01,10498.315800427441
2015-12-02,10482.614234823903
2015-12-03,10740.844469797006
2015-12-04,10664.257494255886
2015-12-07,10688.307692725111
2015-12-08,10540.916645905043
2015-12-09,10516.012782852476
2015-12-10,10338.80500357296
2015-12-11,10290.18218301121
2015-12-14,10331.532797680462
2015-12-15,10474.324005717208
2015-12-16,10538.415698131686
2015-12-17,10397.756410465874
2015-12-18,10402.521594868793
2015-12-21,10449.989513280025
2015-12-22,10463.739439908823
2015-12-23,10628.848903405138
2015-12-24,10660.62934669031
2015-12-28,10790.29491984517
2015-12-29,10647.24616200928
2015-12-30,10513.652195411454
2015-12-31,10275.682808571333
2016-01-04,10468.436365768988
2016-01-05,10469.518353056006
2016-01-06,10180.816578805769
2016-01-07,10132.43864972573
2016-01-08,10200.50744714067
2016-01-11,10193.678407385109
2016-01-12,9986.61294522558
2016-01-13,9957.041851441032
2016-01-14,9756.633239181965
2016-01-15,9802.92958096644
2016-01-19,9641.407137831873
2016-01-20,9601.890351934991
2016-01-21,9819.616397898575
2016-01-22,9777.388849603285
2016-01-25,9917.86100254389
2016-01-26,9769.50290436693
2016-01-27,9915.647600023072
2016-01-28,9978.083768230117
2016-01-29,10012.228957555273
2016-02-01,9972.715308056288
2016-02-02,9801.879900564854
2016-02-03,9670.923996704245
2016-02-04,9444.439339260318
2016-02-05,9540.914153177368
2016-02-08,9568.017769842352
2016-02-09,9595.97971829848
2016-02-10,9516.746970225417
2016-02-11,9494.819695643157
2016-02-12,9804.911848136224
2016-02-16,9845.73138116866
2016-02-17,9772.759043017079
2016-02-18,9766.520446035558
2016-02-19,9856.568155865616
2016-02-22,9852.063001278764
2016-02-23,9914.832629053333
2016-02-24,10041.005728643757
2016-02-25,9907.199458226316
2016-02-26,9835.571945149062
2016-02-29,9961.191968818452
2016-03-01,10030.23679455321
2016-03-02,10030.947609012623
2016-03-03,10006.780374123553
2016-03-04,9955.922259839133
2016-03-07,9950.8404592127
2016-03-08,10022.118590737422
2016-03-09,10049.056853339218
2016-03-10,10104.793393859103
2016-03-11,10080.170897216718
2016-03-14,10112.388982672408
2016-03-15,10197.27064470475
2016-03-16,10211.944192545732
2016-03-17,10174.880824524518
2016-03-18,10086.994171437622
2016-03-21,10075.519767515738
2016-03-22,10120.039252249906
2016-03-23,10101.94276420506
2016-03-24,10171.614492961411
2016-03-28,10346.039398899899
2016-03-29,10321.367920315304
2016-03-30,10283.849986045478
2016-03-31,10369.509296785132
2016-04-01,10332.525865676127
2016-04-04,10222.3516046366
2016-04-05,10296.439811218786
2016-04-06,10241.518604730558
2016-04-07,10294.023038181775
2016-04-08,10270.487234789058
2016-04-11,10339.523128831634
2016-04-12,10263.064543770768
2016-04-13,10174.269514869386
2016-04-14,10235.676242962703
2016-04-15,10270.272454233369
2016-04-18,10255.471964319477
2016-04-19,10103.606223739771
2016-04-20,9919.293725516529
2016-04-21,9956.189071273417
2016-04-22,9962.67497218871
2016-04-25,10019.506651564467
2016-04-26,10051.83500059799
2016-04-27,10042.571389221308
2016-04-28,10035.940223572998
2016-04-29,10169.801897554193
2016-05-02,10109.984582677464
2016-05-03,10108.674748497377
2016-05-04,10100.401001732442
2016-05-05,10203.966340517842
2016-05-06,10267.80803915929
2016-05-09,10359.107053888774
2016-05-10,10314.917733011467
2016-05-11,10325.34376241694
2016-05-12,10423.3180291726
2016-05-13,10520.30710291863
2016-05-16,10307.585879107051
2016-05-17,10264.142979133767
2016-05-18,10304.988301923651
2016-05-19,10310.636360076154
2016-05-20,10284.11644867331
2016-05-23,10411.288376820075
2016-05-24,10365.598857290992
2016-05-25,10458.071069619977
2016-05-26,10500.461291166255
2016-05-27,10564.330471278587
2016-05-31,10628.136900625577
2016-06-01,10599.885988372485
2016-06-02,10696.540412640834
2016-06-03,10662.935820502116
2016-06-06,10676.775660246978
2016-06-07,10721.456697052517
2016-06-08,10821.141324820084
2016-06-09,10737.00774835512
2016-06-10,10717.901619968321
2016-06-13,10701.359678229095
2016-06-14,10744.492448971216
2016-06-15,10824.5442023688
2016-06-16,10794.090618929466
2016-06-17,10803.27260328889
2016-06-20,10850.58557661203
2016-06-21,10863.563250578198
2016-06-22,10952.643056703759
2016-06-23,10851.656024959084
2016-06-24,10898.301643318508
2016-06-27,11026.736715532823
2016-06-28,11118.441254087962
2016-06-29,11339.269342600825
2016-06-30,11334.423755010932
2016-07-01,11422.642653571937
2016-07-05,11492.231703635985
2016-07-06,11383.861976557837
2016-07-07,11551.664837820437
2016-07-08,11545.40987951806
2016-07-11,11508.90832981884
2016-07-12,11562.249063694097
2016-07-13,11547.009520595344
2016-07-14,11497.590397525697
2016-07-15,11531.942762543074
2016-07-18,11573.152159726049
2016-07-19,11517.266213357827
2016-07-20,11466.984661494045
2016-07-21,11652.194844441841
2016-07-22,11694.717522083858
2016-07-25,11730.946897612579
2016-07-26,11701.051915667384
2016-07-27,11817.271655116318
2016-07-28,11875.055370415454
2016-07-29,11918.315091611175
2016-08-01,11816.446774598944
2016-08-02,11723.883543803706
2016-08-03,11773.426439492418
2016-08-04,11743.596766530793
2016-08-05,11743.26116667321
2016-08-08,11785.898542103265
2016-08-09,11646.060961396593
2016-08-10,11654.101375468734
2016-08-11,11754.492115380535
2016-08-12,11742.951626066504
2016-08-15,11609.049267465622
2016-08-16,11595.71693395262
2016-08-17,11705.030849165578
2016-08-18,11701.651879709138
2016-08-19,11704.929961978358
2016-08-22,11693.660969991595
2016-08-23,11511.492048208633
2016-08-24,11494.65372981095
2016-08-25,11454.075460790133
2016-08-26,11557.44961665231
2016-08-29,11453.968217988102
2016-08-30,11440.009442107597
2016-08-31,11521.461226788626
2016-09-01,11609.971852446239
2016-09-02,11643.361041718656
2016-09-06,11609.344456844316
2016-09-07,11536.11383163422
2016-09-08,11179.767408990921
2016-09-09,11328.44694726386
2016-09-12,11174.616246795691
2016-09-13,11186.988792801587
2016-09-14,11344.218689044892
2016-09-15,11342.09704391773
2016-09-16,11367.783525722107
2016-09-19,11391.533562193
2016-09-20,11568.810580512207
2016-09-21,11625.07236389183
2016-09-22,11547.928722771385
2016-09-23,11506.142136944847
2016-09-26,11563.303484611022
2016-09-27,11617.503027677687
2016-09-28,11512.25561046923
2016-09-29,11553.32570007308
2016-09-30,11491.585920814457
2016-10-03,11315.392177945569
2016-10-04,11315.12963640604
2016-10-05,11325.769594531097
2016-10-06,11139.049442900672
2016-10-07,11240.730342478804
2016-10-10,11113.936702014664
2016-10-11,11176.289268074119
2016-10-12,11137.958714086664
2016-10-13,11150.874166451915
2016-10-14,11150.966523698055
2016-10-17,11261.848190942352
2016-10-18,11278.704089320612
2016-10-19,11295.091110181533
2016-10-20,11258.726551552221
2016-10-21,11431.51515679533
2016-10-24,11484.785223534578
2016-10-25,11359.439117713027
2016-10-26,11161.120179537713
2016-10-27,11236.204641877343
2016-10-28,11341.440046192241
2016-10-31,11259.115909102526
2016-11-01,11183.527168703455
2016-11-02,11146.697366290102
2016-11-03,11009.78978964944
2016-11-04,11143.286686336827
2016-11-07,11163.953765979337
2016-11-08,11247.962480688044
2016-11-09,11135.223301303478
2016-11-10,11264.16393598899
2016-11-11,11231.03317135396
2016-11-14,11346.515929465615
2016-11-15,11373.557632822416
2016-11-16,11424.851775038962
2016-11-17,11441.035324355447
2016-11-18,11518.944763571984
2016-11-21,11488.875402647796
2016-11-22,11479.755968650199
2016-11-23,11514.009128441372
2016-11-25,11452.10692063016
2016-11-28,11475.941391005998
2016-11-29,11418.704966002311
2016-11-30,11283.812804125406
2016-12-01,11338.71564357927
2016-12-02,11402.79584598237
2016-12-05,11488.343313324905
2016-12-06,11613.76472872882
2016-12-07,11676.608229491088
2016-12-08,11635.38460792939
2016-12-09,11601.687300289048
2016-12-12,11656.974795057065
2016-12-13,11633.03960563778
2016-12-14,11691.40253808348
2016-12-15,11700.685878561002
2016-12-16,11679.864626175116
2016-12-19,11781.307407670305
2016-12-20,11745.572525224625
2016-12-21,11734.872812073185
2016-12-22,11771.20950581606
2016-12-23,11910.770558875965
2016-12-27,11689.2009168489
2016-12-28,11720.622123578529
2016-12-29,11625.782879731065
2016-12-30,11596.324857092823
2017-01-03,11650.59619507202
2017-01-04,11687.496341517985
2017-01-05,11673.542425288406
2017-01-06,11679.364466921294
2017-01-09,11634.955821216572
2017-01-10,11666.040619701898
2017-01-11,11595.708632375017
2017-01-12,11630.44166325897
2017-01-13,11585.251548448088
2017-01-17,11634.727676172553
2017-01-18,11627.04108809412
2017-01-19,11618.280047440641
2017-01-20,11589.314411600959
2017-01-23,11708.628933882903
2017-01-24,11759.263360877274
2017-01-25,11875.52098262255
2017-01-26,11831.738994591977
2017-01-27,11711.550133934365
2017-01-30,11712.399095095187
2017-01-31,11844.390357193211
2017-02-01,11897.369769549496
2017-02-02,11947.175543584834
2017-02-03,11993.142901654235
2017-02-06,12007.62524879339
2017-02-07,11984.073201285251
2017-02-08,12016.212104247526
2017-02-09,12029.517057319075
2017-02-10,11985.570533201644
2017-02-13,11931.579635196564
2017-02-14,11936.285530269934
2017-02-15,11888.713076148408
2017-02-16,11946.450890189417
2017-02-17,11997.534616339606
2017-02-21,11991.26386877886
2017-02-22,11886.08450059069
2017-02-23,11914.696026010144
2017-02-24,11986.675519850218
2017-02-27,11931.757552426883
2017-02-28,12078.501101489252
2017-03-01,11943.037308177632
2017-03-02,11925.071750942998
2017-03-03,11930.02539921449
2017-03-06,11923.649294911003
2017-03-07,11819.279248217594
2017-03-08,11831.900841219975
2017-03-09,11910.173420816607
2017-03-10,12002.417950523803
2017-03-13,11941.604101707951
2017-03-14,12043.171989483215
2017-03-15,12006.726806316614
2017-03-16,12007.471287114688
2017-03-17,12030.7698362989
2017-03-20,11817.939627559232
2017-03-21,11896.495709404911
2017-03-22,11875.862058308736
2017-03-23,11851.786557614725
2017-03-24,11859.093225769371
2017-03-27,11904.79890205058
2017-03-28,11911.702009339235
2017-03-29,11969.362706044854
2017-03-30,11972.353265412446
2017-03-31,11929.745884090944
2017-04-03,11947.743165195692
2017-04-04,11899.601774875024
2017-04-05,11906.247313527552
2017-04-06,11826.7302161355
2017-04-07,11795.115883683788
2017-04-10,11803.186606854355
2017-04-11,11751.263096166353
2017-04-12,11663.362598032527
2017-04-13,11778.191888543683
2017-04-17,11787.91259098257
2017-04-18,11794.148092630676
2017-04-19,11912.489921628374
2017-04-20,11950.628170880798
2017-04-21,12067.77599489082
2017-04-24,12181.983269863998
2017-04-25,12172.73223803506
2017-04-26,12230.580169032435
2017-04-27,12192.831128315554
2017-04-28,12247.017173347002
2017-05-01,12158.257547175934
2017-05-02,12132.878498707762
2017-05-03,12160.450289455814
2017-05-04,12242.180876966026
2017-05-05,12236.640510484276
2017-05-08,12319.8963613632
2017-05-09,12362.417399112363
2017-05-10,12383.825870619912
2017-05-11,12411.939833951872
2017-05-12,12455.973405941828
2017-05-15,12468.78908341209
2017-05-16,12163.350899085126
2017-05-17,12253.85631039331
2017-05-18,12327.999477481088
2017-05-19,12466.428893398988
2017-05-22,12526.377068171896
2017-05-23,12611.594323083977
2017-05-24,12721.944332395642
2017-05-25,12704.047149320098
2017-05-26,12689.65179138227
2017-05-30,12760.351089556243
2017-05-31,12828.077004994013
2017-06-01,12908.253575834708
2017-06-02,12843.523710670152
2017-06-05,12819.087272121116
2017-06-06,12877.618845769754
2017-06-07,12920.040714642371
2017-06-08,12688.613871112806
2017-06-09,12613.720811841298
2017-06-12,12656.7410008958
2017-06-13,12654.224520182632
2017-06-14,12659.22667679594
2017-06-15,12705.917159378576
2017-06-16,12809.442167105186
2017-06-19,12700.39010643542
2017-06-20,12728.202435266858
2017-06-21,12687.295032905786
2017-06-22,12702.071205272145
2017-06-23,12655.514187881565
2017-06-26,12558.406920747426
2017-06-27,12668.59527650846
2017-06-28,12531.393295256978
2017-06-29,12549.489262131141
2017-06-30,12537.604847989962
2017-07-03,12588.007157801576
2017-07-05,12514.058176915727
2017-07-06,12661.915903204666
2017-07-07,12664.48886385876
2017-07-10,12649.160581661194
2017-07-11,12740.033270957152
2017-07-12,12698.068876650073
2017-07-13,12750.207460015781
2017-07-14,12752.388380356877
2017-07-17,12747.097794311889
2017-07-18,12805.34261336289
2017-07-19,12831.42614780283
2017-07-20,12832.586925176585
2017-07-21,12825.832302636854
2017-07-24,12860.143152752895
2017-07-25,12920.091755617397
2017-07-26,12881.394608935178
2017-07-27,12944.00592518162
2017-07-28,12902.37497987662
2017-07-31,12897.61539330065
2017-08-01,12909.389617044248
2017-08-02,12948.941503997667
2017-08-03,12931.971433920071
2017-08-04,13019.016168418264
2017-08-07,12996.578847833813
2017-08-08,13009.183362130523
2017-08-09,12878.716712518597
2017-08-10,12868.438028378006
2017-08-11,12981.069631736096
2017-08-14,13009.971686678507
2017-08-15,13068.043573018998
2017-08-16,12921.143009275853
2017-08-17,12918.50954411526
2017-08-18,12942.296414179726
2017-08-21,13094.185427412807
2017-08-22,13042.383053116328
2017-08-23,13009.285605037923
2017-08-24,13031.617218007796
2017-08-25,13018.800727462134
2017-08-28,13042.296224293768
2017-08-29,13052.616754240016
2017-08-30,13095.072814783349
2017-08-31,13052.657716848636
2017-09-01,12986.336620450715
2017-09-05,12957.853097394836
2017-09-06,13012.28278045618
2017-09-07,13086.985079182967
2017-09-08,13199.392775486212
2017-09-11,13107.439973018563
2017-09-12,13091.060225424704
2017-09-13,13098.043116415256
2017-09-14,13089.028982975198
2017-09-15,13171.974280543409
2017-09-18,13178.22148559319
2017-09-19,13236.00106123501
2017-09-20,13194.602286545016
2017-09-21,13194.017260954897
2017-09-22,13086.932280645817
2017-09-25,13024.858790780416
2017-09-26,13096.83328488432
2017-09-27,13178.047549847903
2017-09-28,13215.827271753586
2017-09-29,13265.593497354843
2017-10-02,13320.415701315746
2017-10-03,13395.983450338214
2017-10-04,13391.265085828667
2017-10-05,13393.921575916804
2017-10-06,13414.10177949532
2017-10-09,13446.337174329083
2017-10-10,13534.127510969895
2017-10-11,13548.914644116781
2017-10-12,13545.854743068843
2017-10-13,13529.870581509671
2017-10-16,13516.919184615697
2017-10-17,13541.863747340472
2017-10-18,13592.309860010477
2017-10-19,13659.237797018737
2017-10-20,13629.672558559505
2017-10-23,13633.159518873299
2017-10-24,13557.4434496692
2017-10-25,13608.577377804451
2017-10-26,13683.256572348486
2017-10-27,13670.095568398265
2017-10-30,13774.154864391892
2017-10-31,13758.15007097611
2017-11-01,13769.312112171552
2017-11-02,13803.834723015454
2017-11-03,13897.262645505021
2017-11-06,13976.834851437834
2017-11-07,14036.050199187106
2017-11-08,13960.890759171145
2017-11-09,13958.948408878703
2017-11-10,14038.322012272787
2017-11-13,14071.852127815297
2017-11-14,14001.396950527782
2017-11-15,14115.1839064644
2017-11-16,14081.612824202677
2017-11-17,14178.225767420636
2017-11-20,14245.95933083349
2017-11-21,14212.270128864277
2017-11-22,14275.945160455549
2017-11-24,14299.621047012799
2017-11-27,14389.074346873298
2017-11-28,14308.591074519709
2017-11-29,14476.586485419866
2017-11-30,14445.700971837414
2017-12-01,14312.677598500255
2017-12-04,14306.258659946776
2017-12-05,14324.144781243545
2017-12-06,14382.74140306696
2017-12-07,14470.911221226152
2017-12-08,14521.757392563968
2017-12-11,14520.29880232023
2017-12-12,14542.844586561647
2017-12-13,14548.67351499707
2017-12-14,14612.349060839662
2017-12-15,14591.747885370394
2017-12-18,14541.605420880644
2017-12-19,14545.037244417192
2017-12-20,14531.799937180975
2017-12-21,14539.77320792243
2017-12-22,14553.015309307173
2017-12-26,14597.242055739109
2017-12-27,14640.896796950572
2017-12-28,14603.360535706845
2017-12-29,14548.68896743171
2018-01-02,14602.264510908411
2018-01-03,14578.385449748279
2018-01-04,14708.2304411688
2018-01-05,14757.589437383971
2018-01-08,14896.936190722781
2018-01-09,14810.957693382097
2018-01-10,14874.827312025514
2018-01-11,14910.59884094037
2018-01-12,14893.08487855951
2018-01-16,15112.704964366498
2018-01-17,15106.960638364593
2018-01-18,15229.228283432567
2018-01-19,15315.79228637946
2018-01-22,15273.00986346916
2018-01-23,15226.154878479649
2018-01-24,15289.24183343445
2018-01-25,15367.453163505608
2018-01-26,15209.468795519733
2018-01-29,15076.713318928196
2018-01-30,15142.210446595367
2018-01-31,15218.512191638069
2018-02-01,15014.549254012187
2018-02-02,14562.84553964246
2018-02-05,14363.381354617468
2018-02-06,14383.599280407827
2018-02-07,13820.719583994593
2018-02-08,13908.312122299914
2018-02-09,14129.958421904117
2018-02-12,14211.221009361589
2018-02-13,14413.557877447725
2018-02-14,14613.940212854226
2018-02-15,14630.017356314385
2018-02-16,14515.000171356196
2018-02-20,14501.376442210736
2018-02-21,14522.701812622186
2018-02-22,14594.753862864301
2018-02-23,14716.014454934533
2018-02-26,14535.99479757835
2018-02-27,14422.975655172231
2018-02-28,14268.144290373044
2018-03-01,14374.895264912577
2018-03-02,14518.49013316959
2018-03-05,14583.848564162057
2018-03-06,14593.511284498361
2018-03-07,14621.584467628269
2018-03-08,14825.845466260409
2018-03-09,14729.959763243845
2018-03-12,14620.42681030404
2018-03-13,14636.810840408763
2018-03-14,14580.034939785253
2018-03-15,14664.386502158608
2018-03-16,14563.135942613335
2018-03-19,14690.237090696783
2018-03-20,14620.496427475357
2018-03-21,14224.331056650144
2018-03-22,14089.347222145203
2018-03-23,14461.806711070427
2018-03-26,14265.05738794115
2018-03-27,14027.439400757772
2018-03-28,14206.366222381152
2018-03-29,13967.514919695994
2018-04-02,14106.329517220385
2018-04-03,14218.3208454612
2018-04-04,14394.518199810733
2018-04-05,14125.496128427752
2018-04-06,14157.607123608057
2018-04-09,14353.361960701284
2018-04-10,14286.308113131812
2018-04-11,14372.349605465868
2018-04-12,14261.555656706685
2018-04-13,14485.672226435492
2018-04-16,14628.485165132772
2018-04-17,14667.63474498105
2018-04-18,14794.736413716306
2018-04-19,14788.644567403231
2018-04-20,14791.960069237071
2018-04-23,14513.144600136098
2018-04-24,14576.454240691895
2018-04-25,14689.291655029658
2018-04-26,14671.290620576423
2018-04-27,14612.110577301506
2018-04-30,14586.001339170489
2018-05-01,14715.624652174527
2018-05-02,14872.779661360368
2018-05-03,14820.290089386119
2018-05-04,15055.807885263506
2018-05-07,15024.214097409103
2018-05-08,15295.835881785784
2018-05-09,15498.072751041735
2018-05-10,15500.979864385952
2018-05-11,15445.402334282571
2018-05-14,15448.831472105909
2018-05-15,15700.773348375154
2018-05-16,16318.843765847743
2018-05-17,16306.159836155299
2018-05-18,16756.66503338609
2018-05-21,16574.360981760943
2018-05-22,16682.963316701567
2018-05-23,16889.503492211872
2018-05-24,16809.37317779115
2018-05-25,16884.39964609702
2018-05-29,17092.866025233896
2018-05-30,16962.346208845614
2018-05-31,17255.144830754885
2018-06-01,17367.17461615229
2018-06-04,17330.80918003684
2018-06-05,17271.541658250935
2018-06-06,17212.251492680818
2018-06-07,17259.293479647942
2018-06-08,17204.2648857615
2018-06-11,17249.041496058777
2018-06-12,17415.932033089055
2018-06-13,17446.70706752383
2018-06-14,17343.25306827374
2018-06-15,17540.630078314625
2018-06-18,17596.12459833288
2018-06-19,17753.23155533193
2018-06-20,17595.951074669912
2018-06-21,17682.748946907137
2018-06-22,17324.072178164548
2018-06-25,17338.248448557137
2018-06-26,17181.20772917955
2018-06-27,17389.514512023605
2018-06-28,17267.91995440346
2018-06-29,17434.911460410556
2018-07-02,17375.367006568806
2018-07-03,17518.35584382805
2018-07-05,17679.603040746024
2018-07-06,17799.91266228266
2018-07-09,17885.41723114655
2018-07-10,17974.21891149273
2018-07-11,18182.61566114781
2018-07-12,18159.51538253813
2018-07-13,18178.88517000672
2018-07-16,18302.28075988957
2018-07-17,18428.108849445605
2018-07-18,18521.310316583378
2018-07-19,18504.57199007016
2018-07-20,18434.150744981445
2018-07-23,18187.58797380721
2018-07-24,18347.109933512373
2018-07-25,18365.06845450556
2018-07-26,17895.640063222138
2018-07-27,17660.450854709994
2018-07-30,17868.5729974912
2018-07-31,17952.056701458532
2018-08-01,18131.07612714672
2018-08-02,18073.56049506694
2018-08-03,18200.174948933258
2018-08-06,18205.604439027727
2018-08-07,18123.079643214493
2018-08-08,18163.96265154885
2018-08-09,18220.31577960845
2018-08-10,18104.613374806548
2018-08-13,18166.97648075698
2018-08-14,17954.455177579253
2018-08-15,18121.920238450053
2018-08-16,18201.39442671265
2018-08-17,18338.41687053722
2018-08-20,18349.424281161108
2018-08-21,18399.008390507846
2018-08-22,18489.240084745037
2018-08-23,18597.260352706646
2018-08-24,18606.27624800113
2018-08-27,18625.08090416089
2018-08-28,18754.92805275099
2018-08-29,18676.548933720707
2018-08-30,18955.072088210578
2018-08-31,19079.46258191153
2018-09-04,18829.084498156317
2018-09-05,18829.087754813903
2018-09-06,18817.564735893367
2018-09-07,18862.950175899467
2018-09-10,18975.429075581706
2018-09-11,19029.41542344717
2018-09-12,19108.0615304161
2018-09-13,19173.438382445744
2018-09-14,18838.898365889032
2018-09-17,19060.0450614807
2018-09-18,18807.32038415255
2018-09-19,18933.253692189282
2018-09-20,18979.592482806052
2018-09-21,19019.80609002446
2018-09-24,19210.39613521435
2018-09-25,19215.710762759798
2018-09-26,19353.613120512528
2018-09-27,19382.71663709273
2018-09-28,19222.893558722208
2018-10-01,18948.57223215547
2018-10-02,18982.994655964758
2018-10-03,18741.78906234029
2018-10-04,18709.907022009284
2018-10-05,18648.69478615923
2018-10-08,18543.641158898758
2018-10-09,17958.11110317666
2018-10-10,17682.203889367138
2018-10-11,18009.298651254772
2018-10-12,17968.31404817313
2018-10-15,18306.184631632615
2018-10-16,18226.923227874053
2018-10-17,18105.234822338825
2018-10-18,17848.388867998114
2018-10-19,17853.599236421724
2018-10-22,17667.954415448035
2018-10-23,17118.571828632194
2018-10-24,17124.59029310816
2018-10-25,16778.648050846416
2018-10-26,16735.137701885997
2018-10-29,17155.776599907516
2018-10-30,17515.313553401935
2018-10-31,17569.708795206076
2018-11-01,17484.959551958797
2018-11-02,17674.78821976834
2018-11-05,17820.670032429414
2018-11-06,18278.111861244848
2018-11-07,18252.630895903236
2018-11-08,18230.5344351698
2018-11-09,18062.619040762453
2018-11-12,17958.79952536906
2018-11-13,17783.314771975085
2018-11-14,17789.034942569317
2018-11-15,17816.8190970841
2018-11-16,17342.408071234007
2018-11-19,16984.695232543694
2018-11-20,16998.264189897985
2018-11-21,17072.617642273693
2018-11-23,17235.34819618582
2018-11-26,17241.79556782939
2018-11-27,17611.67831789928
2018-11-28,17660.724171300684
2018-11-29,17767.861336211707
2018-11-30,17931.91759434417
2018-12-03,17676.30187256277
2018-12-04,17778.576177605344
2018-12-06,17557.927937705987
2018-12-07,17602.089977931744
2018-12-10,17654.098420492424
2018-12-11,17603.919107082827
2018-12-12,17644.796064872768
2018-12-13,17387.37617834925
2018-12-14,16820.770506690267
2018-12-17,16758.405232138084
2018-12-18,16630.94941407814
2018-12-19,16448.483418362786
2018-12-20,16213.747513442653
2018-12-21,15666.09282200334
2018-12-24,16422.811602497117
2018-12-26,16523.67171642885
2018-12-27,16577.687877648816
2018-12-28,16778.712433984543
2018-12-31,16566.488243517622
2019-01-02,16345.362745095346
2019-01-03,16812.183944718356
2019-01-04,17128.278980060168
2019-01-07,17331.8251929883
2019-01-08,17447.015264887963
2019-01-09,17513.24695923471
2019-01-10,17616.157943272778
2019-01-11,17511.07783316199
2019-01-14,17789.567169545106
2019-01-15,17810.261568917587
2019-01-16,17965.517355147935
2019-01-17,17970.58760748928
2019-01-18,17910.815106339425
2019-01-22,18003.233142400182
2019-01-23,17881.232378681558
2019-01-24,17957.85726369257
2019-01-25,17890.375361539707
2019-01-28,17974.78248270906
2019-01-29,18149.839676448664
2019-01-30,18344.738695387645
2019-01-31,18324.467881592027
2019-02-01,18408.251303796973
2019-02-04,18444.557107699573
2019-02-05,18318.887970079406
2019-02-06,18485.74820650651
2019-02-07,18695.095038576885
2019-02-08,18786.677171669755
2019-02-11,18878.23555885643
2019-02-12,18963.24458788313
2019-02-13,18997.40898212466
2019-02-14,19150.958342155132
2019-02-15,19094.379200665015
2019-02-19,19082.61363713303
2019-02-20,19049.025050445416
2019-02-21,19328.41145378561
2019-02-22,19255.879434121587
2019-02-25,19501.668133575684
2019-02-26,19459.41618364574
2019-02-27,19358.056196411373
2019-02-28,19590.346453995993
2019-03-01,19588.391925280892
2019-03-04,19637.23198977937
2019-03-05,19502.235098254034
2019-03-06,19436.95347618215
2019-03-07,19418.01582449906
2019-03-08,19559.581348730793
2019-03-11,19543.38926263293
2019-03-12,19657.600196527597
2019-03-13,19716.84422230982
2019-03-14,19743.515426173486
2019-03-15,19830.755370879393
2019-03-18,19768.266424912767
2019-03-19,19855.728162841962
2019-03-20,20158.723640650565
2019-03-21,19975.12719608485
2019-03-22,20058.365536153568
2019-03-25,20214.509408023638
2019-03-26,20102.66751909535
2019-03-27,20084.098688760885
2019-03-28,20237.08176201604
2019-03-29,20225.573845066003
2019-04-01,20215.34058896967
2019-04-02,20186.41903546514
2019-04-03,20076.72468628776
2019-04-04,20186.098497961797
2019-04-05,20196.807112781822
2019-04-08,20128.07804637479
2019-04-09,20278.663682950057
2019-04-10,20245.468959192836
2019-04-11,20217.41599822345
2019-04-12,20232.858497867757
2019-04-15,20105.675075956584
2019-04-16,19920.840840215667
2019-04-17,19953.122314831227
2019-04-18,19823.738859740675
2019-04-22,20105.774185407296
2019-04-23,20097.538760450017
2019-04-24,20143.600380915588
2019-04-25,20247.979711523214
2019-04-26,20209.26508246849
2019-04-29,20377.892319908155
2019-04-30,20206.84578081061
2019-05-01,20363.930877972856
2019-05-02,20729.320324092456
2019-05-03,20766.09198146064
2019-05-06,20561.44923569691
2019-05-07,20517.017533306258
2019-05-08,20427.822124370126
2019-05-09,20724.65883573902
2019-05-10,20527.43328561544
2019-05-13,20577.11194627379
2019-05-14,20644.180729893713
2019-05-15,20729.34276163523
2019-05-16,20805.448563225003
2019-05-17,20723.925205020878
2019-05-20,20942.38358934707
2019-05-21,21012.734949569236
2019-05-22,20859.9597587852
2019-05-23,20829.22415082127
2019-05-24,20756.925487494867
2019-05-28,20689.996356412
2019-05-29,20922.09170020885
2019-05-30,21076.930467341004
2019-05-31,21212.152955022146
2019-06-03,21451.686064871505
2019-06-04,22041.584838392297
2019-06-05,22285.267239165827
2019-06-06,22520.0933724343
2019-06-07,22616.944574053272
2019-06-10,22652.741478155327
2019-06-11,22975.864866489068
2019-06-12,22809.544794274687
2019-06-13,22946.176570887164
2019-06-14,22921.573420090685
2019-06-17,23094.607430154647
2019-06-18,23253.776575056327
2019-06-19,23299.010165562173
2019-06-20,23124.50474553853
2019-06-21,23138.700852076225
2019-06-24,22932.544106889683
2019-06-25,22586.465368895428
2019-06-26,22750.757910812514
2019-06-27,23046.353506489966
2019-06-28,23119.10884975886
2019-07-01,23463.807693773317
2019-07-02,23848.55185047323
2019-07-03,23945.277187596297
2019-07-05,24012.488661767315
2019-07-08,24081.10419287785
2019-07-09,24064.34336186637
2019-07-10,24054.96335983809
2019-07-11,24165.437567874975
2019-07-12,24194.991983987293
2019-07-15,24280.031404072346
2019-07-16,24352.641526930693
2019-07-17,24659.370924101815
2019-07-18,24443.267094312967
2019-07-19,24621.320742034477
2019-07-22,24426.537001510573
2019-07-23,24202.117623534938
2019-07-24,24214.489770344964
2019-07-25,23456.462075280055
2019-07-26,23326.035506066757
2019-07-29,23223.779703049433
2019-07-30,23624.809070482865
2019-07-31,23806.816950943474
2019-08-01,23763.26750602017
2019-08-02,23110.09736260696
2019-08-05,23544.528073685222
2019-08-06,23885.65625909508
2019-08-07,24213.551370978905
2019-08-08,24341.329674740744
2019-08-09,24105.73898935103
2019-08-12,24401.987984420517
2019-08-13,23827.536625278968
2019-08-14,24193.48127314941
2019-08-15,24472.23773748401
2019-08-16,24704.37150183049
2019-08-19,24705.1604106607
2019-08-20,25088.834476997003
2019-08-21,25114.332249887324
2019-08-22,24710.704190060052
2019-08-23,25059.026889435627
2019-08-26,25182.752393720963
2019-08-27,25228.97755736101
2019-08-28,25032.524234367815
2019-08-29,24959.400876191492
2019-08-30,24946.698911031042
2019-09-03,25086.271968445697
2019-09-04,24688.814037547647
2019-09-05,24727.602400940883
2019-09-06,23930.419979847593
2019-09-09,23409.633341419714
2019-09-10,23578.4270623687
2019-09-11,23358.697466424623
2019-09-12,23253.642158926945
2019-09-13,23295.8928509753
2019-09-16,23833.67306022232
2019-09-17,23869.74711966999
2019-09-18,23994.27098074054
2019-09-19,24001.779819295127
2019-09-20,23901.304083156163
2019-09-23,23750.494309464022
2019-09-24,23719.379134610237
2019-09-25,23676.508368998933
2019-09-26,23400.752390273563
2019-09-27,23546.540915105732
2019-09-30,23391.82838918167
2019-10-01,23093.616091285567
2019-10-02,23244.67151422771
2019-10-03,23630.898076020898
2019-10-04,23514.438216071438
2019-10-07,23390.134125462715
2019-10-08,23531.154270704777
2019-10-09,23575.4726364717
2019-10-10,23514.564169522047
2019-10-11,23508.312403767635
2019-10-14,23372.867786201026
2019-10-15,23298.307568774984
2019-10-16,23477.42928083024
2019-10-17,23537.680091740083
2019-10-18,23748.710275609465
2019-10-21,23378.119952805297
2019-10-22,23326.443339728805
2019-10-23,23373.49755468828
2019-10-24,23367.249834511513
2019-10-25,23342.423051448575
2019-10-28,23350.791610092565
2019-10-29,23011.11851857819
2019-10-30,22938.092778465085
2019-10-31,22925.20133561506
2019-11-01,22654.270582258687
2019-11-04,22505.426850616233
2019-11-05,22551.07727681551
2019-11-06,22391.8226265266
2019-11-07,22415.970113263087
2019-11-08,22434.711440167404
2019-11-11,22514.32083359745
2019-11-12,22758.648407328124
2019-11-13,22969.372239260087
2019-11-14,23060.096127427958
2019-11-15,23012.19597076174
2019-11-18,23001.892377373853
2019-11-19,22963.38575169798
2019-11-20,22851.63783808182
2019-11-21,22856.443681534478
2019-11-22,22992.479320631515
2019-11-25,23160.047480669135
2019-11-26,23262.328618690248
2019-11-27,23043.279560031217
2019-11-29,22915.59629536278
2019-12-02,23020.602997796537
2019-12-03,23093.71835231042
2019-12-04,23181.358479439208
2019-12-05,23235.764236985815
2019-12-06,23156.862240629183
2019-12-09,23103.94688728324
2019-12-10,23200.747073211252
2019-12-11,23093.98200320906
2019-12-12,23219.430387690223
2019-12-13,23373.554353573225
2019-12-16,23384.706144604872
2019-12-17,23365.67366669214
2019-12-18,23402.17560036178
2019-12-19,23487.839532853624
2019-12-20,23321.091016636223
2019-12-23,23440.898460519715
2019-12-24,23519.48672424497
2019-12-26,23532.43288591235
2019-12-27,23392.994535500136
2019-12-30,23430.09060830159
2019-12-31,23484.960884252087
2020-01-02,23490.443071766753
2020-01-03,23552.270999622022
2020-01-06,23595.053338980444
2020-01-07,23594.10819467179
2020-01-08,23769.481619834187
2020-01-09,23800.634459510446
2020-01-10,24008.665350816937
2020-01-13,23967.45033127238
2020-01-14,24009.444240950474
2020-01-15,24127.72720426359
2020-01-16,24242.393912163192
2020-01-17,24387.73673928004
2020-01-21,24529.62270540689
2020-01-22,24668.542959932613
2020-01-23,24745.124099764358
2020-01-24,24559.86362848977
2020-01-27,24781.75132409902
2020-01-28,24723.22966541347
2020-01-29,25061.317998276754
2020-01-30,24793.435407103167
2020-01-31,25055.9606421233
2020-02-03,25213.69485358953
2020-02-04,25045.247734255812
2020-02-05,25192.31424373144
2020-02-06,25089.16047231006
2020-02-07,25453.52882446112
2020-02-10,25546.352396664275
2020-02-11,25606.320721165735
2020-02-12,25879.82842895188
2020-02-13,26007.554967367185
2020-02-14,26116.62286855167
2020-02-18,26516.212209156427
2020-02-19,26439.19272694584
2020-02-20,26314.18986079511
2020-02-21,25837.7749818476
2020-02-24,25151.864400621256
2020-02-25,25188.09461477096
2020-02-26,24156.77689367784
2020-02-27,23544.15652562283
2020-02-28,24621.406232425663
2020-03-02,24411.34120218047
2020-03-03,25617.953436122927
2020-03-04,25520.963865426023
2020-03-05,25145.67879838748
2020-03-06,23273.639980354594
2020-03-09,23823.918051316447
2020-03-10,22568.473070026048
2020-03-11,20987.927735815396
2020-03-12,20397.05383518245
2020-03-13,18266.176117210667
2020-03-16,19637.55124134356
2020-03-17,18468.252502478423
2020-03-18,18660.756306037176
2020-03-19,17951.774737631247
2020-03-20,18027.4057865273
2020-03-23,19574.534745018314
2020-03-24,19554.005465494258
2020-03-25,20239.362145106734
2020-03-26,20084.917896803872
2020-03-27,20469.228370977227
2020-03-30,20245.85012756315
2020-03-31,20040.75067374992
2020-04-01,20304.371836336468
2020-04-02,20144.591798923186
2020-04-03,20907.587753144755
2020-04-06,20636.153535267902
2020-04-07,20952.843856803538
2020-04-08,21735.682906332473
2020-04-09,22138.651399887745
2020-04-13,22684.896273286588
2020-04-14,22757.550533897007
2020-04-15,23387.321906862875
2020-04-16,23674.623752931933
2020-04-17,23640.383531982574
2020-04-20,22861.545314129267
2020-04-21,23564.63331019503
2020-04-22,23758.471299438326
2020-04-23,24109.663612552296
2020-04-24,24227.973981345847
2020-04-27,23632.84696851578
2020-04-28,23889.482817435928
2020-04-29,23565.06034416714
2020-04-30,23285.659705310518
2020-05-01,23919.40723276682
2020-05-04,24592.384290884238
2020-05-05,24364.31309072072
2020-05-06,24778.065401413493
2020-05-07,25110.030928200926
2020-05-08,25386.92242155865
2020-05-11,24973.24136993508
2020-05-12,24929.212755581833
2020-05-13,24847.320946516873
2020-05-14,24912.991110812785
2020-05-15,24757.483167816714
2020-05-18,24507.242184731804
2020-05-19,24579.78764066793
2020-05-20,24274.49718707513
2020-05-21,24362.277893834245
2020-05-22,23493.837676310934
2020-05-26,23526.427864554465
2020-05-27,23532.351103129786
2020-05-28,24541.13960271457
2020-05-29,24540.080653930432
2020-06-01,24497.058905890084
2020-06-02,24089.18716140439
2020-06-03,23838.01848223383
2020-06-04,23937.723644107307
2020-06-05,24519.274858402652
2020-06-08,24509.085575270867
2020-06-09,24931.39466119784
2020-06-10,24131.830754826202
2020-06-11,23821.248487311197
2020-06-12,24438.454821692896
2020-06-15,24433.458080059423
2020-06-16,24707.071606968624
2020-06-17,24506.18555132919
2020-06-18,25207.33112214666
2020-06-19,24965.82953855714
2020-06-22,24943.518499455866
2020-06-23,24335.98545357958
2020-06-24,24692.045103649238
2020-06-25,24280.782752320894
2020-06-26,24940.60018343054
2020-06-29,25547.901611752182
2020-06-30,25478.45665724957
2020-07-01,26182.578340628963
2020-07-02,27317.02659496366
2020-07-06,27650.965111036585
2020-07-07,27445.374347682635
2020-07-08,27702.780189775924
2020-07-09,28307.892822049533
2020-07-10,27650.825575603198
2020-07-13,28351.857847196545
2020-07-14,28350.850345315896
2020-07-15,28065.7527207596
2020-07-16,28254.8482531498
2020-07-17,29336.42302259273
2020-07-20,28587.01593444796
2020-07-21,28735.70526826212
2020-07-22,28191.789280496596
2020-07-23,27424.60117862652
2020-07-24,28480.216761569092
2020-07-27,28078.357047264537
2020-07-28,28295.77752136227
2020-07-29,28194.16051085103
2020-07-30,28197.928609400762
2020-07-31,28568.791844575382
2020-08-03,28745.780951588287
2020-08-04,28531.59434532395
2020-08-05,28367.19299783966
2020-08-06,28315.858204525826
2020-08-07,27711.6650028702
2020-08-10,26803.402631040837
2020-08-11,28065.937969405357
2020-08-12,28380.055911163487
2020-08-13,28495.993268728038
2020-08-14,29609.346324939783
2020-08-17,29707.99356609029
2020-08-18,29733.101446191544
2020-08-19,29977.28280794967
2020-08-20,29939.06186944238
2020-08-21,29698.678830179037
2020-08-24,29888.833391060023
2020-08-25,30373.386324282168
2020-08-26,30692.644467911934
2020-08-27,30255.31239651125
2020-08-28,31458.634187083964
2020-08-31,30724.128749410436
2020-09-01,30843.37076486132
2020-09-02,29209.928431382756
2020-09-03,29213.342877224066
2020-09-04,27179.001443405847
2020-09-08,28308.619013383388
2020-09-09,27849.678704981066
2020-09-10,27483.829610059263
2020-09-11,28438.464109349847
2020-09-14,28961.93728369417
2020-09-15,28642.54198028266
2020-09-16,28103.864897542033
2020-09-17,28497.692926275
2020-09-18,28702.572246286316
2020-09-21,28496.011341462305
2020-09-22,27436.154258717517
2020-09-23,27493.57807254196
2020-09-24,27991.17358234404
2020-09-25,28437.302522198093
2020-09-28,28359.978503345574
2020-09-29,28543.545393467244
2020-09-30,29111.633633670783
2020-10-01,28512.749471470237
2020-10-02,29312.442886301924
2020-10-05,29084.18835883917
2020-10-06,29876.809144576775
2020-10-07,29574.10352538905
2020-10-08,30034.071452267915
2020-10-09,30246.739807458376
2020-10-12,30517.250522989816
2020-10-13,30345.887462539347
2020-10-14,30265.098035707015
2020-10-15,29915.071291028977
2020-10-16,29584.710079495988
2020-10-19,29478.552321796462
2020-10-20,29008.832968579318
2020-10-21,29099.00141945994
2020-10-22,29206.205288005804
2020-10-23,29087.90962505375
2020-10-26,29303.090339303853
2020-10-27,28840.414307776107
2020-10-28,28523.05048530744
2020-10-29,27742.874998554646
2020-10-30,28404.77191639193
2020-11-02,28847.03825497784
2020-11-03,29142.68594489654
2020-11-04,30060.665185963873
2020-11-05,30142.209639397846
2020-11-06,28191.36196313748
2020-11-09,27619.443622533516
2020-11-10,28579.173675563095
2020-11-11,28368.83640313606
2020-11-12,28342.443299257964
2020-11-13,28406.228257369854
2020-11-16,28886.338540822784
2020-11-17,29311.365905980307
2020-11-18,29638.013259002753
2020-11-19,29520.456468469245
2020-11-20,29919.227531910143
2020-11-23,30241.80695609549
2020-11-24,30512.792362045424
2020-11-25,30947.976619759163
2020-11-27,30428.23709164021
2020-11-30,30295.91204603281
2020-12-01,30023.210229542616
2020-12-02,29963.119792411715
2020-12-03,30292.0195209775
2020-12-04,30671.77562425026
2020-12-07,30794.853852891916
2020-12-08,29941.801812580226
2020-12-09,30619.807223917327
2020-12-10,30290.523599737608
2020-12-11,30792.0027282496
2020-12-14,31358.40468602169
2020-12-15,31167.25213611192
2020-12-16,31683.80001909861
2020-12-17,32286.396249555855
2020-12-18,31844.187869026635
2020-12-21,32006.339618779763
2020-12-22,32496.517256180872
2020-12-23,32426.579590670408
2020-12-24,31645.352834934776
2020-12-28,31369.082217419258
2020-12-29,32115.068102073797
2020-12-30,32292.43540968131
2020-12-31,32292.602890710074
2021-01-04,32925.257671935964
2021-01-05,33946.60414001374
2021-01-06,35174.06209813544
2021-01-07,35616.581094435
2021-01-08,35034.31219663307
2021-01-11,35791.46979565775
2021-01-12,35892.924596812816
2021-01-13,35997.27149773405
2021-01-14,35521.33117351218
2021-01-15,35060.19526476619
2021-01-19,35122.08263751787
2021-01-20,35035.10555692286
2021-01-21,35078.557486616504
2021-01-22,35308.27611487057
2021-01-25,34874.61828099424
2021-01-26,33859.60630683207
2021-01-27,33228.8506958493
2021-01-28,32321.960218366683
2021-01-29,33145.24082304429
2021-02-01,33977.0475971786
2021-02-02,33651.539620967465
2021-02-03,34038.31950371783
2021-02-04,34298.94587848745
2021-02-05,34743.5235239635
2021-02-08,34384.868840526746
2021-02-09,34469.890968117594
2021-02-10,34510.23117164053
2021-02-11,34947.79713799371
2021-02-12,34984.93426996601
2021-02-16,35168.49230638599
2021-02-17,35098.125211969134
2021-02-18,35228.908952790225
2021-02-19,34694.49350548825
2021-02-22,34364.86829290677
2021-02-23,34503.98960001877
2021-02-24,33296.822246768155
2021-02-25,33479.973792164994
2021-02-26,34576.104652741524
2021-03-01,34129.56465870231
2021-03-02,33414.9942356476
2021-03-03,32623.091650296752
2021-03-04,33476.72880985808
2021-03-05,34101.572590276846
2021-03-08,34273.007856108256
2021-03-09,35022.94399203014
2021-03-10,36199.37125759272
2021-03-11,37137.64576731611
2021-03-12,37721.93162854431
2021-03-15,37304.905108596715
2021-03-16,36956.80630471639
2021-03-17,36939.68328581904
2021-03-18,37325.262359865344
2021-03-19,37637.58965755391
2021-03-22,35908.094762571316
2021-03-23,33418.101484575396
2021-03-24,33762.0029598889
2021-03-25,33202.860325879614
2021-03-26,32504.87753821584
2021-03-29,33278.256201802025
2021-03-30,33375.555476088324
2021-03-31,33555.523897884545
2021-04-01,33890.38109883687
2021-04-05,34149.42615059543
2021-04-06,33724.2214525736
2021-04-07,34019.563999392296
2021-04-08,34109.990407246005
2021-04-09,34118.50976041898
2021-04-12,34232.25787531646
2021-04-13,34146.79174595708
2021-04-14,34435.1101905476
2021-04-15,34637.03565276838
2021-04-16,34128.8704902156
2021-04-19,33744.45303734349
2021-04-20,34088.81341992633
2021-04-21,33844.190471121205
2021-04-22,34314.463377268454
2021-04-23,34538.20208680086
2021-04-26,34699.82180799622
2021-04-27,34574.442204620675
2021-04-28,34746.647839700134
2021-04-29,34458.08661459873
2021-04-30,34664.17412275244
2021-05-03,34662.123441943026
2021-05-04,34812.1260889848
2021-05-05,34837.3252180951
2021-05-06,35480.63158658421
2021-05-07,35138.72687501298
2021-05-10,34716.05082321669
2021-05-11,33627.93595075531
2021-05-12,34231.74538054194
2021-05-13,34698.73692360174
2021-05-14,34786.327963542426
2021-05-17,34216.658320186274
2021-05-18,34007.2244313099
2021-05-19,34310.606043015825
2021-05-20,34243.16185594151
2021-05-21,34510.65443668425
2021-05-24,34315.14173646208
2021-05-25,34493.02797857108
2021-05-26,34606.79742688793
2021-05-27,34636.52368912815
2021-05-28,34950.607029352366
2021-06-01,34999.454160527304
2021-06-02,34908.26820480079
2021-06-03,35111.815594335996
2021-06-04,35245.1938391746
2021-06-07,35734.81634400456
2021-06-08,35519.63222775539
2021-06-09,35357.72734633257
2021-06-10,35609.066786818796
2021-06-11,35474.677885289086
2021-06-14,35582.642141843906
2021-06-15,35524.68693977414
2021-06-16,35367.83922576229
2021-06-17,35104.25507032639
2021-06-18,35795.69296907963
2021-06-21,35755.38749240647
2021-06-22,35947.276486760784
2021-06-23,35838.43356312857
2021-06-24,35942.75716480079
2021-06-25,35927.72970254882
2021-06-28,35984.63570682867
2021-06-29,35966.98460498954
2021-06-30,36003.0701073218
2021-07-01,36182.352280271785
2021-07-02,36213.00748286196
2021-07-06,36230.92815731273
2021-07-07,35916.91754030497
2021-07-08,36616.7079760257
2021-07-09,36985.79701986988
2021-07-12,36639.20340432415
2021-07-13,36528.02306994983
2021-07-14,36388.252908086266
2021-07-15,36137.12974812367
2021-07-16,35625.258944957604
2021-07-19,36427.88656237826
2021-07-20,36604.780835808626
2021-07-21,36843.09716189103
2021-07-22,37080.098659159514
2021-07-23,37116.549640676036
2021-07-26,36945.87436126176
2021-07-27,37116.294672273594
2021-07-28,37506.46565769893
2021-07-29,37469.86870613466
2021-07-30,37400.49626699363
2021-08-02,37663.04492379451
2021-08-03,37634.95175424676
2021-08-04,37710.05926150932
2021-08-05,37633.28966640348
2021-08-06,37710.96541152029
2021-08-09,37850.60294173838
2021-08-10,37918.95240927364
2021-08-11,38103.86851535251
2021-08-12,38124.782593431
2021-08-13,38138.61578735387
2021-08-16,37920.796168849825
2021-08-17,37396.1440229083
2021-08-18,37464.85003575262
2021-08-19,37643.79985163269
2021-08-20,37814.17981695726
2021-08-23,37736.645228204834
2021-08-24,38067.13589602602
2021-08-25,38042.78132443484
2021-08-26,38393.835364057755
2021-08-27,38627.95487917963
2021-08-30,38696.54609312446
2021-08-31,38934.72880719385
2021-09-01,39286.29331695945
2021-09-02,39337.58296949327
2021-09-03,38847.46505799254
2021-09-07,38980.544685875175
2021-09-08,38623.5494137868
2021-09-09,38433.49531750997
2021-09-10,38086.30677986359
2021-09-13,37968.21184854534
2021-09-14,38397.21879563128
2021-09-15,38234.08123505767
2021-09-16,37835.39566199168
2021-09-17,36968.58335695856
2021-09-20,37079.09846654107
2021-09-21,37309.07988734417
2021-09-22,37718.38821529903
2021-09-23,37501.207519733754
2021-09-24,37063.83865569976
2021-09-27,36180.56632744485
2021-09-28,36359.25157653972
2021-09-29,35768.72414457277
2021-09-30,35955.63783248419
2021-10-01,35477.079824659595
2021-10-04,35982.065870152466
2021-10-05,35970.35909187456
2021-10-06,36263.516356245585
2021-10-07,36178.35399684506
2021-10-08,36099.44419913349
2021-10-11,36370.30520296589
2021-10-12,36652.34072701486
2021-10-13,37267.91247177793
2021-10-14,37222.587479379705
2021-10-15,37633.89219322221
2021-10-18,37812.737213556116
2021-10-19,38032.795601771904
2021-10-20,38083.85775581738
2021-10-21,38556.497849043015
2021-10-22,38584.651650851134
2021-10-25,38651.540216491754
2021-10-26,38153.37898035835
2021-10-27,38789.70491064028
2021-10-28,38812.27790072587
2021-10-29,38588.91102315132
2021-11-01,39213.27943678008
2021-11-02,39089.588566636645
2021-11-03,38937.14590058534
2021-11-04,38907.82290962242
2021-11-05,38935.26339223858
2021-11-08,39126.63206706989
2021-11-09,38500.64684335169
2021-11-10,38834.24749077937
2021-11-11,39032.999084859766
2021-11-12,39117.15751928373
2021-11-15,39111.72663627446
2021-11-16,39029.8848518335
2021-11-17,39311.360027098104
2021-11-18,38986.37457385813
2021-11-19,38815.80954961027
2021-11-22,38981.96724333353
2021-11-23,39485.436964409404
2021-11-24,38888.461707727256
2021-11-26,39252.52846492155
2021-11-29,38451.58204374184
2021-11-30,38138.65119522979
2021-12-01,38632.50849695101
2021-12-02,38349.00991189268
2021-12-03,38186.027079028776
2021-12-06,38945.482594481786
2021-12-07,38797.204072713386
2021-12-08,38386.10484430635
2021-12-09,39051.61118204172
2021-12-10,39193.91554719397
2021-12-13,38813.59773279982
2021-12-14,39823.77816846902
2021-12-15,39963.46116134098
2021-12-16,39408.96800101502
2021-12-17,39406.516657279506
2021-12-20,39346.24023028823
2021-12-21,39819.51883678755
2021-12-22,39660.83222654288
2021-12-23,40411.51694609995
2021-12-27,40288.72706260635
2021-12-28,40475.25562224778
2021-12-29,40454.23169503657
2021-12-30,40701.20469095629
2021-12-31,39915.65964401727
2022-01-03,39872.46440176776
2022-01-04,39326.62108269238
2022-01-05,39211.5017387733
2022-01-06,38702.04044528497
2022-01-07,38676.7674741619
2022-01-10,38730.33777273818
2022-01-11,38843.48566371341
2022-01-12,38506.794568664736
2022-01-13,38348.29616879874
2022-01-14,37794.80655725001
2022-01-18,37300.68129299533
2022-01-19,36862.81175335874
2022-01-20,36366.9054449661
2022-01-21,36437.333178613306
2022-01-24,36279.75566207128
2022-01-25,36198.52323326441
2022-01-26,35942.36594257087
2022-01-27,36727.93112837369
2022-01-28,36572.814302049286
2022-01-31,36667.4479908881
2022-02-01,37489.33489559046
2022-02-02,37222.31741755162
2022-02-03,37104.18644224979
2022-02-04,37085.98993804076
2022-02-07,37057.468733421825
2022-02-08,37162.066665571634
2022-02-09,36666.953238989685
2022-02-10,36595.99086182631
2022-02-11,36176.79215276922
2022-02-14,36124.14904815414
2022-02-15,36339.754607494935
2022-02-16,35830.389938058746
2022-02-17,35616.52946722012
2022-02-18,35207.26342142355
2022-02-22,35183.60096940785
2022-02-23,35175.89892129918
2022-02-24,36412.70631208423
2022-02-25,36477.19685132067
2022-02-28,36348.01810291554
2022-03-01,36858.01843562525
2022-03-02,37189.35005799954
2022-03-03,37617.865357091425
2022-03-04,37302.16568390714
2022-03-07,36393.26441715468
2022-03-08,36560.85825656939
2022-03-09,36955.972747562875
2022-03-10,36761.89975949412
2022-03-11,36431.749165025314
2022-03-14,36619.86660619979
2022-03-15,36305.074772453445
2022-03-16,36989.40076962661
2022-03-17,37282.7334803511
2022-03-18,37550.89118338592
2022-03-21,37554.82688202184
2022-03-22,37427.30846107276
2022-03-23,37939.945590645264
2022-03-24,38342.66315194688
2022-03-25,38479.021844780415
2022-03-28,38523.75735333095
2022-03-29,38603.80565599505
2022-03-30,38504.012573105705
2022-03-31,38548.48520188297
2022-04-01,38643.29258165477
2022-04-04,38609.875007882125
2022-04-05,39288.64359514201
2022-04-06,40013.13641571554
2022-04-07,40253.32271990627
2022-04-08,39277.97742126805
2022-04-11,39306.50360228532
2022-04-12,39592.867223196365
2022-04-13,39568.677451686985
2022-04-14,39514.80837061867
2022-04-18,39419.5967491297
2022-04-19,39671.040690449176
2022-04-20,38958.5717157347
2022-04-21,37911.61516482695
2022-04-22,37924.65215811018
2022-04-25,37325.698810219365
2022-04-26,37312.02421854651
2022-04-27,37472.82165232716
2022-04-28,36450.68063361092
2022-04-29,36070.10788028807
2022-05-02,36509.10962358953
2022-05-03,37398.85867712488
2022-05-04,36557.59242041276
2022-05-05,36951.20354498707
2022-05-06,35648.87432725861
2022-05-09,35832.73039905863
2022-05-10,36133.49388735089
2022-05-11,35709.27478214837
2022-05-12,36269.20063240529
2022-05-13,36577.77243782692
2022-05-16,36951.857277142866
2022-05-17,35854.36077716326
2022-05-18,35748.4305826969
2022-05-19,35821.93808587825
2022-05-20,36500.089274378224
2022-05-23,36846.904741672246
2022-05-24,37150.048844584555
2022-05-25,37174.6246763231
2022-05-26,37427.32886787071
2022-05-27,36928.320159310155
2022-05-31,36733.4613147289
2022-06-01,36691.88245012916
2022-06-02,36599.07838365025
2022-06-03,36647.418891957765
2022-06-06,37070.25277086611
2022-06-07,36554.34319169851
2022-06-08,35774.98376781843
2022-06-09,35223.369048313754
2022-06-10,33708.31440507575
2022-06-13,33491.231414088055
2022-06-14,33212.152643343725
2022-06-15,32223.869710957708
2022-06-16,31313.16507088683
2022-06-17,32131.821070208225
2022-06-21,31973.689856254074
2022-06-22,31805.7605786048
2022-06-23,32431.34762244905
2022-06-24,32785.18342639425
2022-06-27,32519.71005297837
2022-06-28,32641.074625728805
2022-06-29,32444.170827386173
2022-06-30,32841.46256851384
2022-07-01,32151.340883376095
2022-07-05,32202.141936082473
2022-07-06,32454.101405345173
2022-07-07,32700.599030500263
2022-07-08,32559.687971753843
2022-07-11,32298.72939859149
2022-07-12,32248.35318784564
2022-07-13,31962.649514453038
2022-07-14,32398.142695973987
2022-07-15,32111.48320822101
2022-07-18,32627.570019590054
2022-07-19,32497.786577222807
2022-07-20,32401.99730218468
2022-07-21,32415.88860691499
2022-07-22,33141.32300005966
2022-07-25,32960.88790244636
2022-07-26,33247.39327736564
2022-07-27,33267.294566405544
2022-07-28,33296.868779902754
2022-07-29,32984.112626943715
2022-08-01,32890.051282741486
2022-08-02,32639.56520751185
2022-08-03,32577.583932389647
2022-08-04,33064.99650666767
2022-08-05,33118.24671783062
2022-08-08,33631.77258113529
2022-08-09,33802.1984987424
2022-08-10,33757.44653748826
2022-08-11,34151.88070781796
2022-08-12,34472.50760051823
2022-08-15,34565.63147229857
2022-08-16,34313.573161374276
2022-08-17,34407.87326603651
2022-08-18,34470.422514519654
2022-08-19,34170.66135293193
2022-08-22,33946.14950522609
2022-08-23,34156.249887496175
2022-08-24,34254.78222463
2022-08-25,33446.503026040264
2022-08-26,33623.05569835448
2022-08-29,33162.521985846324
2022-08-30,33275.822466585276
2022-08-31,33155.30032860516
2022-09-01,33045.44432881551
2022-09-02,32692.605871018706
2022-09-06,33364.56774686814
2022-09-07,33493.81412312099
2022-09-08,33447.68786570351
2022-09-09,33470.97079834659
2022-09-12,32318.100514208225
2022-09-13,32403.67021832705
2022-09-14,32117.746979317606
2022-09-15,32061.07122565264
2022-09-16,32250.17801015671
2022-09-19,32073.40089178418
2022-09-20,31736.855398858424
2022-09-21,31837.52646280801
2022-09-22,31065.37608008307
2022-09-23,30680.38849142659
2022-09-26,30737.44773186804
2022-09-27,31482.52471796198
2022-09-28,31037.196280669534
2022-09-29,30843.607151036413
2022-09-30,31602.46470345515
2022-10-03,32337.60092417085
2022-10-04,32268.489426297587
2022-10-05,32012.938023787952
2022-10-06,31730.625897262882
2022-10-07,31625.40632063992
2022-10-10,31804.440421230047
2022-10-11,31440.717263735376
2022-10-12,32200.53263985323
2022-10-13,31755.398056179278
2022-10-14,31924.198981984355
2022-10-17,32284.811915608836
2022-10-18,32305.992102794204
2022-10-19,32152.027717200002
2022-10-20,33028.66119022969
2022-10-21,33339.337691766115
2022-10-24,33518.93715084588
2022-10-25,33773.98421021736
2022-10-26,33940.78837811773
2022-10-27,34279.154512609835
2022-10-28,34241.09329284631
2022-10-31,34006.642806656724
2022-11-01,33875.29678514329
2022-11-02,33761.13474259758
2022-11-03,33749.82592921916
2022-11-04,33883.09065689225
2022-11-07,33871.3467537665
2022-11-08,33425.58363479303
2022-11-09,33430.14275665045
2022-11-10,32729.128173922025
2022-11-11,32932.2468829424
2022-11-14,33094.8893918272
2022-11-15,33129.632000332414
2022-11-16,33460.810132515624
2022-11-17,33842.952597084855
2022-11-18,33758.5478762246
2022-11-21,34330.29958346553
2022-11-22,34399.71328230387
2022-11-23,34576.886377579074
2022-11-25,34283.98775347376
2022-11-28,34162.35229520398
2022-11-29,34756.418008445246
2022-11-30,34469.138595452176
2022-12-01,34767.92489902244
2022-12-02,34318.32648128516
2022-12-05,33804.80275083457
2022-12-06,33833.523962061365
2022-12-07,33783.48999203016
2022-12-08,33114.26729315368
2022-12-09,33577.730797069475
2022-12-12,33711.38117403834
2022-12-13,33972.0852105839
2022-12-14,33543.47891231783
2022-12-15,33307.52089202596
2022-12-16,33017.26955422725
2022-12-19,33097.48334184338
2022-12-20,33612.09020197537
2022-12-21,33220.38891986626
2022-12-22,33345.04575982294
2022-12-23,33162.717173725505
2022-12-27,32536.026319747732
2022-12-28,32552.44423402808
2022-12-29,32635.65053060415
2022-12-30,32062.10746821798
2023-01-03,32113.174002176685
2023-01-04,32237.10104437583
2023-01-05,33125.02229446952
2023-01-06,32508.849903577713
2023-01-09,33021.39617410901
2023-01-10,33028.98771712397
2023-01-11,33336.159973859845
2023-01-12,33487.125161942386
2023-01-13,33199.14429768634
2023-01-17,32721.696442733035
2023-01-18,32397.28736221754
2023-01-19,32588.985121299538
2023-01-20,32821.864335689366
2023-01-23,32511.750120516528
2023-01-24,32408.916831996354
2023-01-25,32535.02868361651
2023-01-26,32354.528141028743
2023-01-27,32036.304934892225
2023-01-30,32392.660178378417
2023-01-31,32234.42411561838
2023-02-01,31176.836952780486
2023-02-02,31376.301604991422
2023-02-03,31528.993662880646
2023-02-06,31717.18114638725
2023-02-07,31780.417548322926
2023-02-08,31659.001821120455
2023-02-09,32089.655852596083
2023-02-10,32353.61068216585
2023-02-13,32147.282597133697
2023-02-14,32162.239336785315
2023-02-15,31844.296077161867
2023-02-16,32019.0920056374
2023-02-17,31635.25034361986
2023-02-21,31567.72077224753
2023-02-22,32045.569077944925
2023-02-23,31942.799441794323
2023-02-24,32146.14314124635
2023-02-27,31747.082526817332
2023-02-28,32812.216350648036
2023-03-01,32878.985178790346
2023-03-02,33354.25325514351
2023-03-03,33753.59366852144
2023-03-06,33752.908273725254
2023-03-07,33416.39833071141
2023-03-08,32906.65466448229
2023-03-09,32567.42698692551
2023-03-10,31958.584132506163
2023-03-13,32526.94402423961
2023-03-14,32198.064075842096
2023-03-15,32539.164258889778
2023-03-16,31743.31591885167
2023-03-17,32340.161490834438
2023-03-20,32797.65681677807
2023-03-21,32371.0672760991
2023-03-22,32614.95974950647
2023-03-23,32813.83684470421
2023-03-24,33117.69120798845
2023-03-27,32832.926349711655
2023-03-28,33186.59898708396
2023-03-29,33266.502380519545
2023-03-30,33755.666467791656
2023-03-31,33583.681324922065
2023-04-03,33755.23117297804
2023-04-04,33459.51135281259
2023-04-05,33549.47943134071
2023-04-06,33965.011528551426
2023-04-10,33880.972665074354
2023-04-11,33820.32333135605
2023-04-12,34116.061032628575
2023-04-13,34095.447047854366
2023-04-14,34466.079850932045
2023-04-17,34672.84314097727
2023-04-18,34434.42828628889
2023-04-19,34535.00486840022
2023-04-20,34800.13168717512
2023-04-21,34700.70881910156
2023-04-24,34554.96252557423
2023-04-25,33892.275616160405
2023-04-26,34307.051435115194
2023-04-27,34159.92006003134
2023-04-28,34434.52134681906
2023-05-01,34350.499346453464
2023-05-02,34465.84088514382
2023-05-03,34272.939931805806
2023-05-04,34544.21147062523
2023-05-05,34652.154171045964
2023-05-08,34639.951370858886
2023-05-09,34237.40959397715
2023-05-10,34310.886090752865
2023-05-11,34879.01410418233
2023-05-12,34761.08291041749
2023-05-15,34678.603126452515
2023-05-16,34676.131027208074
2023-05-17,34878.75166179178
2023-05-18,34836.56132295278
2023-05-19,34703.82715222199
2023-05-22,34083.937701555835
2023-05-23,34169.301943975406
2023-05-24,35086.22338909542
2023-05-25,35231.119801312154
2023-05-26,35371.13762607098
2023-05-30,35237.722942594715
2023-05-31,35681.13598145364
2023-06-01,35769.48254778396
2023-06-02,35606.56522868712
2023-06-05,35529.133386925045
2023-06-06,35477.115834914286
2023-06-07,35902.67825053761
2023-06-08,36238.607134344726
2023-06-09,36263.21934989283
2023-06-12,36118.00079448691
2023-06-13,36069.63762101659
2023-06-14,36250.357711387
2023-06-15,36077.23581803161
2023-06-16,35706.57994195614
2023-06-20,35805.46360165151
2023-06-21,36104.94390688886
2023-06-22,35757.02451201661
2023-06-23,35648.27116462898
2023-06-26,36277.89884797199
2023-06-27,36433.4985354761
2023-06-28,36583.19767795159
2023-06-29,37237.03445245657
2023-06-30,37040.04699687438
2023-07-03,37006.726891004546
2023-07-05,36531.15730312715
2023-07-06,36592.560689847116
2023-07-07,37096.286290472686
2023-07-10,37233.82143241627
2023-07-11,37294.80031894276
2023-07-12,37495.30221599967
2023-07-13,37453.90778516348
2023-07-14,37648.163506891164
2023-07-17,37967.239663361164
2023-07-18,37653.2689150904
2023-07-19,37718.87335262673
2023-07-20,37612.30367386623
2023-07-21,37534.63823839188
2023-07-24,38085.40581903845
2023-07-25,37858.878959387795
2023-07-26,37669.798161782055
2023-07-27,37775.71056577799
2023-07-28,37649.03068817495
2023-07-31,37561.28732578385
2023-08-01,37229.56720563539
2023-08-02,37145.33679479942
2023-08-03,37221.40262392559
2023-08-04,37838.382175897335
2023-08-07,37890.214288662355
2023-08-08,36872.973807170696
2023-08-09,37224.82492784057
2023-08-10,37057.47117309199
2023-08-11,37467.994952695204
2023-08-14,37297.27851085248
2023-08-15,37002.8875815668
2023-08-16,36155.42918410707
2023-08-17,36428.56122670189
2023-08-18,36685.59942937047
2023-08-21,36651.294292680184
2023-08-22,37099.80348712558
2023-08-23,36398.67258024979
2023-08-24,36462.89430723788
2023-08-25,36743.85646007223
2023-08-28,37155.44766465219
2023-08-29,37033.705862067196
2023-08-30,36934.80646273667
2023-08-31,36993.34388429829
2023-09-01,36589.868320578855
2023-09-05,36475.984207231406
2023-09-06,36693.97389922498
2023-09-07,36824.334424881265
2023-09-08,37192.68036093763
2023-09-11,36858.66258423951
2023-09-12,36786.16510759142
2023-09-13,36958.354674879054
2023-09-14,36236.38619134808
2023-09-15,36323.57852636846
2023-09-18,36381.47766362944
2023-09-19,36100.762598041554
2023-09-20,35543.02131949893
2023-09-21,35602.595759427626
2023-09-22,35748.28332088189
2023-09-25,35461.11366056243
2023-09-26,35482.472342522255
2023-09-27,35986.17677877584
2023-09-28,35751.131779422074
2023-09-29,35939.977001175765
2023-10-02,35496.08351233706
2023-10-03,36016.803370634996
2023-10-04,36151.73453481294
2023-10-05,36820.016980109525
2023-10-06,37153.449278592125
2023-10-09,37440.07464014642
2023-10-10,38054.61943010223
2023-10-11,37956.751281731595
2023-10-12,37662.9773168011
2023-10-13,37923.80572970384
2023-10-16,37855.83474764108
2023-10-17,37440.56538687479
2023-10-18,36807.514493894225
2023-10-19,36290.80032633019
2023-10-20,36333.46377202298
2023-10-23,36721.47197848864
2023-10-24,36164.787209820315
2023-10-25,35556.9604910279
2023-10-26,35270.85040616306
2023-10-27,35649.85027303797
2023-10-30,35700.36374906947
2023-10-31,36095.63837677967
2023-11-01,36107.245608503006
2023-11-02,36244.15728170244
2023-11-03,36902.243554742054
2023-11-06,36918.56705253688
2023-11-07,37215.07469554042
2023-11-08,37152.43037557685
2023-11-09,37507.76360874479
2023-11-10,37836.571072335355
2023-11-13,37936.3862451899
2023-11-14,37578.79731016057
2023-11-15,37737.98821732699
2023-11-16,37764.48020111343
2023-11-17,38064.2117157819
2023-11-20,38033.52000257949
2023-11-21,38200.00052630569
2023-11-22,38262.433243853244
2023-11-24,38311.0371297623
2023-11-27,38324.23905803825
2023-11-28,38168.07170580961
2023-11-29,38482.02558720326
2023-11-30,38566.48071182431
2023-12-01,38468.29650862247
2023-12-04,38463.15587109257
2023-12-05,38013.77828079692
2023-12-06,38166.56137687567
2023-12-07,38531.29729729247
2023-12-08,38401.1653050779
2023-12-11,38715.06341295089
2023-12-12,39064.725512759935
2023-12-13,38337.524876076015
2023-12-14,38398.81487040604
2023-12-15,38654.87776090549
2023-12-18,38844.73678038915
2023-12-19,38302.45300751164
2023-12-20,38558.62548103576
2023-12-21,38484.53821306213
2023-12-22,38560.11742621353
2023-12-26,38707.20150297637
2023-12-27,38684.76623881624
2023-12-28,38754.2010731187
2023-12-29,38701.55682185792
2024-01-02,38625.62847980706
2024-01-03,38486.61040854704
2024-01-04,38564.855186380155
2024-01-05,39123.37893077751
2024-01-08,39240.86894669986
2024-01-09,39432.595815001754
2024-01-10,39820.9296836096
2024-01-11,39996.139378879576
2024-01-12,40015.486339434356
2024-01-16,39979.4583064203
2024-01-17,40218.43176925626
2024-01-18,40538.86141627404
2024-01-19,40775.41956045421
2024-01-22,40775.42381038675
2024-01-23,40856.72492943517
2024-01-24,41369.87071952703
2024-01-25,41208.97750982638
2024-01-26,41367.25987118097
2024-01-29,41520.6022520746
2024-01-30,41922.218935413825
2024-01-31,42601.067951891135
2024-02-01,42892.30580877722
2024-02-02,43029.830770429915
2024-02-05,42936.03275453221
2024-02-06,43535.90487213878
2024-02-07,43331.7708248719
2024-02-08,43529.94198312623
2024-02-09,43511.12065250995
2024-02-12,43418.63690285922
2024-02-13,43604.273637582344
2024-02-14,44078.24754247613
2024-02-15,43777.51237499875
2024-02-16,43494.66523229241
2024-02-20,43245.694204753505
2024-02-21,44559.84201020191
2024-02-22,44662.81359272859
2024-02-23,44758.77886622656
2024-02-26,44712.15814152992
2024-02-27,44801.289087040655
2024-02-28,44779.368743095496
2024-02-29,45070.070779708054
2024-03-01,45589.37201153912
2024-03-04,45515.25452317187
2024-03-05,45724.947879969906
2024-03-06,46020.41370982808
2024-03-07,45593.97736202465
2024-03-08,45064.08029553173
2024-03-11,45644.13748324937
2024-03-12,45822.17128611037
2024-03-13,45862.83266594369
2024-03-14,45805.3875128943
2024-03-15,45843.057339915926
2024-03-18,46162.8930119504
2024-03-19,46321.14927505059
2024-03-20,46589.34714349003
2024-03-21,46478.718050513315
2024-03-22,46585.6995644232
2024-03-25,46264.10919537403
2024-03-26,46559.72144485269
2024-03-27,46632.14897508314
2024-03-28,46796.3464106668
2024-04-01,46579.70480784933
2024-04-02,47160.201059179526
2024-04-03,46480.93912262332
2024-04-04,46996.578802094125
2024-04-05,46876.94725588067
2024-04-08,46196.014948658114
2024-04-09,46012.12060316384
2024-04-10,46038.39204279954
2024-04-11,45610.586550461565
2024-04-12,45347.30649079947
2024-04-15,45542.546811550834
2024-04-16,45265.62666114496
2024-04-17,44844.06440371584
2024-04-18,44754.16162196576
2024-04-19,44834.516226315274
2024-04-22,45229.823201076535
2024-04-23,45278.90182568053
2024-04-24,45268.11574640226
2024-04-25,45343.021215029636
2024-04-26,45496.09189737583
2024-04-29,45235.49045013872
2024-04-30,44800.66000144772
2024-05-01,44748.5105571542
2024-05-02,45148.5237633501
2024-05-03,45937.60788913561
2024-05-06,45708.78714076637
2024-05-07,45966.449231501654
2024-05-08,46433.78478669348
2024-05-09,46434.641464491215
2024-05-10,46139.57891125705
2024-05-13,46135.92837697012
2024-05-14,46420.693937392556
2024-05-15,46227.9459676084
2024-05-16,46490.340234110765
2024-05-17,46501.81449675079
2024-05-20,46670.816862679654
2024-05-21,46101.198991163656
2024-05-22,45814.174866176865
2024-05-23,46605.753819201665
2024-05-24,46294.88408414963
2024-05-28,45858.132250638526
2024-05-29,46023.66456529178
2024-05-30,46276.47751545521
2024-05-31,46100.18364447477
2024-06-03,46103.62709302421
2024-06-04,46667.32896566706
2024-06-05,46529.02232953946
2024-06-06,46385.960685929706
2024-06-07,46610.28582813769
2024-06-10,46427.96659032065
2024-06-11,46263.91275796012
2024-06-12,46541.249031245
2024-06-13,46318.282215357416
2024-06-14,46773.77166318646
2024-06-17,47360.454359825024
2024-06-18,46941.46254106707
2024-06-20,46837.90213224306
2024-06-21,47065.11527974162
2024-06-24,47167.909312476186
2024-06-25,46978.53189383682
2024-06-26,46721.97337004213
2024-06-27,46543.50508237063
2024-06-28,46561.581076792034
2024-07-01,46652.22874638769
2024-07-02,46797.4278490701
2024-07-03,46836.68702319442
2024-07-05,46872.490323142694
2024-07-08,46968.61351285418
2024-07-09,47242.78046037655
2024-07-10,47106.733402161364
2024-07-11,47344.27447499427
2024-07-12,47456.41543700849
2024-07-15,47637.67237189339
2024-07-16,47468.89088355436
2024-07-17,47496.18528646977
2024-07-18,47170.98589523067
2024-07-19,47325.15608887323
2024-07-22,47193.05789577873
2024-07-23,46785.03907077979
2024-07-24,46408.76057734594
2024-07-25,46671.65282845974
2024-07-26,46623.4092371855
2024-07-29,46503.47247198771
2024-07-30,46932.909075325246
2024-07-31,46697.37855404414
2024-08-01,46496.4777845531
2024-08-02,45264.32838342183
2024-08-05,45859.07565756764
2024-08-06,45816.95746359974
2024-08-07,46311.7972281116
2024-08-08,46515.99099206174
2024-08-09,46662.95695700213
2024-08-12,46968.45691138271
2024-08-13,47618.05374907726
2024-08-14,47666.42385836361
2024-08-15,47876.46045037482
2024-08-16,48181.25018287349
2024-08-19,48070.19387738147
2024-08-20,48143.39255618949
2024-08-21,48133.27790799789
2024-08-22,48431.67645742374
2024-08-23,48544.658408301104
2024-08-26,48832.06006806912
2024-08-27,48806.66541099838
2024-08-28,48837.78490664304
2024-08-29,49202.32598869083
2024-08-30,48593.28554459133
2024-09-03,48683.1045695809
2024-09-04,48415.924729918894
2024-09-05,47950.373878390536
2024-09-06,48451.258036944186
2024-09-09,48388.02645998135
2024-09-10,48389.38083282255
2024-09-11,48833.28604620833
2024-09-12,49023.34993209433
2024-09-13,49320.57030149557
2024-09-16,49008.849967915085
2024-09-17,48896.33618797121
2024-09-18,49029.00730903828
2024-09-19,49181.02942302154
2024-09-20,49447.09103711102
2024-09-23,49492.3124079725
2024-09-24,49554.90628060668
2024-09-25,49132.34691561077
2024-09-26,49219.51173460518
2024-09-27,49496.42267357406
2024-09-30,49692.53603096991
2024-10-01,49832.25083976852
2024-10-02,49864.64530703465
2024-10-03,50207.54131569078
2024-10-04,49843.979718847804
2024-10-07,50183.18974626048
2024-10-08,50447.81268181794
2024-10-09,50108.1083167132
2024-10-10,50575.658697378225
2024-10-11,50826.41854304892
2024-10-14,50568.16797893001
2024-10-15,50908.97094089855
2024-10-16,50721.79320969835
2024-10-17,50948.66023867111
2024-10-18,50945.77302943272
2024-10-21,50425.382534750766
2024-10-22,50431.94952213826
2024-10-23,50180.10952872839
2024-10-24,49715.846965008386
2024-10-25,49800.9315256525
2024-10-28,50119.434575004016
2024-10-29,50097.571728055154
2024-10-30,49899.572292084566
2024-10-31,49642.57666148336
2024-11-01,49830.428760433846
2024-11-04,50619.74346399736
2024-11-05,51518.41975756112
2024-11-06,51377.893835106945
2024-11-07,52457.95743798485
2024-11-08,52552.95776731931
2024-11-11,52625.29497885365
2024-11-12,52424.8877401056
2024-11-13,51236.914241861356
2024-11-14,51100.398459486445
2024-11-15,51536.89150532881
2024-11-18,51970.089717212366
2024-11-19,52190.09434661366
2024-11-20,52864.34621540327
2024-11-21,53307.949218149115
2024-11-22,52805.98772232596
2024-11-25,53292.80814415434
2024-11-26,53318.002630628376
2024-11-27,53504.47289664227
2024-11-29,52836.059684527456
2024-12-02,53190.3285028547
2024-12-03,53315.399143345385
2024-12-04,53696.62044573739
2024-12-05,53464.14331231433
2024-12-06,52278.85383128848
2024-12-09,52223.24407966453
2024-12-10,52254.12351590069
2024-12-11,52085.396627685746
2024-12-12,52021.494847285176
2024-12-13,52064.26831373011
2024-12-16,51842.81371397329
2024-12-17,50597.92383328237
2024-12-18,50671.341144055936
2024-12-19,51082.19336062704
2024-12-20,50958.88379747457
2024-12-23,51458.44821910674
2024-12-24,51460.49282552348
2024-12-26,51045.5155536014
2024-12-27,50550.59898089519
2024-12-30,50438.796404396526
2024-12-31,50597.00462405962
2025-01-02,50854.09669927004
2025-01-03,50856.36627077318
2025-01-06,50585.04202603707
2025-01-07,51167.15949712915
2025-01-08,50608.989863257164
2025-01-10,50567.848352458575
2025-01-13,50835.232287401675
2025-01-14,51251.57870450778
2025-01-15,51487.300274785826
2025-01-16,51924.69023868295
2025-01-17,52479.45782773036
2025-01-21,52236.580509436775
2025-01-22,52594.58640073462
2025-01-23,52784.477221829315
2025-01-24,52551.366678348815
2025-01-27,53031.11547748296
2025-01-28,52964.477989973464
2025-01-29,53249.94614611716
2025-01-30,52859.960653030095
2025-01-31,53145.384090724045
2025-02-03,53346.34059726465
2025-02-04,53812.34736527574
2025-02-05,54331.280611887465
2025-02-06,54173.12063338927
2025-02-07,54788.49322423388
2025-02-10,54844.42776188078
2025-02-11,55234.82667093328
2025-02-12,55696.97545733816
2025-02-13,55426.14609519001
2025-02-14,55442.44521246129
2025-02-18,55509.70697450597
2025-02-19,54903.08886257456
2025-02-20,54309.92904670187
2025-02-21,54456.956149214086
2025-02-24,54428.94139157153
2025-02-25,54257.322677080345
2025-02-26,53913.44147488872
2025-02-27,54857.069461120445
2025-02-28,54830.73682244446
2025-03-03,53683.46190626959
2025-03-04,53968.48093156696
2025-03-05,53169.404497157106
2025-03-06,53231.196741753236
2025-03-07,52641.77301256407
2025-03-10,52143.472944087705
2025-03-11,52099.776022924685
2025-03-12,51587.10581600297
2025-03-13,52057.84464644846
2025-03-14,52633.114561682916
2025-03-17,52271.726992335236
2025-03-18,52585.5642522285
2025-03-19,52439.65577912408
2025-03-20,52326.230493344505
2025-03-21,52713.314661224125
